https://www.gallena.edu/academics/library/,https://www.gallena.edu/academics/library.pcf,interior
https://www.gallena.edu/academics/study-abroad/?page_id=316,https://www.gallena.edu/academics/study-abroad.pcf,interior
https://www.gallena.edu/academics/,https://www.gallena.edu/academics/index.pcf,interior
https://www.gallena.edu/gallena-gophers/,https://www.gallena.edu/gallena-gophers.pcf,interior
https://www.gallena.edu/prospective-athletes/,https://www.gallena.edu/prospective-athletes.pcf,interior
https://www.gallena.edu/university-recreation/,https://www.gallena.edu/university-recreation.pcf,interior
https://www.gallena.edu/admissions/,https://www.gallena.edu/admissions/index.pcf,interior
https://www.gallena.edu/transfer-students/,https://www.gallena.edu/transfer-students.pcf,interior
https://www.gallena.edu/admissions/?page_id=310,https://www.gallena.edu/admissions/process.pcf,interior
https://www.gallena.edu/admissions/prospective-athletes/,https://www.gallena.edu/admissions/prospective-athletes.pcf,interior
https://www.gallena.edu/admissions/tailgating-policy/,https://www.gallena.edu/admissions/tailgating-policy.pcf,interior
